CREATE DATABASE  IF NOT EXISTS `busdb` /*!40100 DEFAULT CHARACTER SET latin1 */;
USE `busdb`;
-- MySQL dump 10.13  Distrib 5.7.17, for Win64 (x86_64)
--
-- Host: localhost    Database: busdb
-- ------------------------------------------------------
-- Server version	5.6.34-log

/*!40101 SET @OLD_CHARACTER_SET_CLIENT=@@CHARACTER_SET_CLIENT */;
/*!40101 SET @OLD_CHARACTER_SET_RESULTS=@@CHARACTER_SET_RESULTS */;
/*!40101 SET @OLD_COLLATION_CONNECTION=@@COLLATION_CONNECTION */;
/*!40101 SET NAMES utf8 */;
/*!40103 SET @OLD_TIME_ZONE=@@TIME_ZONE */;
/*!40103 SET TIME_ZONE='+00:00' */;
/*!40014 SET @OLD_UNIQUE_CHECKS=@@UNIQUE_CHECKS, UNIQUE_CHECKS=0 */;
/*!40014 SET @OLD_FOREIGN_KEY_CHECKS=@@FOREIGN_KEY_CHECKS, FOREIGN_KEY_CHECKS=0 */;
/*!40101 SET @OLD_SQL_MODE=@@SQL_MODE, SQL_MODE='NO_AUTO_VALUE_ON_ZERO' */;
/*!40111 SET @OLD_SQL_NOTES=@@SQL_NOTES, SQL_NOTES=0 */;

--
-- Table structure for table `buildings`
--

DROP TABLE IF EXISTS `buildings`;
/*!40101 SET @saved_cs_client     = @@character_set_client */;
/*!40101 SET character_set_client = utf8 */;
CREATE TABLE `buildings` (
  `id` varchar(45) NOT NULL,
  `stop` int(6) DEFAULT NULL,
  PRIMARY KEY (`id`)
) ENGINE=InnoDB DEFAULT CHARSET=latin1;
/*!40101 SET character_set_client = @saved_cs_client */;

--
-- Dumping data for table `buildings`
--

LOCK TABLES `buildings` WRITE;
/*!40000 ALTER TABLE `buildings` DISABLE KEYS */;
INSERT INTO `buildings` VALUES ('AGY',50015),('ANA',27719),('ANS',30313),('ARC',27075),('ARM',30494),('ASY',27719),('AVW',27863),('BAL',27505),('BEL',36274),('BPS',50016),('BRB',50016),('BRD',36261),('CAL',27505),('CAM',36274),('CAR',27412),('CBD',10001),('CCC',36274),('CEC',27505),('CEN',36274),('CHE',30397),('CHL',50015),('CHM',10003),('CHS',36274),('COL',34507),('CRC',48070),('CRL',27412),('CSI',30397),('CSS',36274),('DEN',27197),('DOR',48075),('EAB',27863),('EAS',48072),('EDU',48074),('EGL',10003),('EGR',10003),('ELK',48072),('ELL',37091),('FDA',30528),('FRD',27505),('GEO',36112),('GLF',36411),('GRT',37232),('HAG',27227),('HAR',30487),('HBK',36288),('HJP',10001),('HOW',27505),('HRF',30456),('HZF',30487),('ICC',36108),('IPT',10003),('ITV',10003),('JMP',30397),('JMZ',10002),('JUL',48069),('KEB',27863),('KEY',10001),('KNI',36495),('KNT',37232),('LEF',27505),('LPA',27197),('MCB',10001),('MCK',27412),('MKM',48077),('MMH',30043),('MNT',30027),('MOR',10002),('MTH',36112),('NCC',10001),('PAC',36261),('PGG',27505),('PGUC',36495),('PHY',10003),('PKT',27412),('PLS',10003),('QAN',27412),('RIT',27291),('SCUB 1',27505),('SCUB 2',30089),('SCUB 3',27774),('SCUB 4',30500),('SDG',36261),('SDH',27505),('SFSC',36495),('SHM',37232),('SHR',48077),('SKN',34511),('SOM',27412),('SPH',36274),('SQH',10001),('SSU',27774),('STM',48075),('SYM',30487),('TAL',37232),('TLF',27505),('TUR',27291),('TWS',27941),('TYD',10002),('ULG',27774),('VMH',27075),('WDS',30043),('WIC',27412),('WOR',27412),('WSH',27505),('WTU',30500);
/*!40000 ALTER TABLE `buildings` ENABLE KEYS */;
UNLOCK TABLES;

--
-- Table structure for table `routes`
--

DROP TABLE IF EXISTS `routes`;
/*!40101 SET @saved_cs_client     = @@character_set_client */;
/*!40101 SET character_set_client = utf8 */;
CREATE TABLE `routes` (
  `id` int(6) unsigned NOT NULL,
  `stop0` int(6) DEFAULT NULL,
  `time0` time DEFAULT NULL,
  `stop1` int(6) DEFAULT NULL,
  `time1` time DEFAULT NULL,
  `stop2` int(6) DEFAULT NULL,
  `time2` time DEFAULT NULL,
  `stop3` int(6) DEFAULT NULL,
  `time3` time DEFAULT NULL,
  `stop4` int(6) DEFAULT NULL,
  `time4` time DEFAULT NULL,
  `stop5` int(6) DEFAULT NULL,
  `time5` time DEFAULT NULL,
  `stop6` int(6) DEFAULT NULL,
  `time6` time DEFAULT NULL,
  `stop7` int(6) DEFAULT NULL,
  `time7` time DEFAULT NULL,
  `stop8` int(6) DEFAULT NULL,
  `time8` time DEFAULT NULL,
  `stop9` int(6) DEFAULT NULL,
  `time9` time DEFAULT NULL,
  `stop10` int(6) DEFAULT NULL,
  `time10` time DEFAULT NULL,
  PRIMARY KEY (`id`)
) ENGINE=InnoDB DEFAULT CHARSET=latin1;
/*!40101 SET character_set_client = @saved_cs_client */;

--
-- Dumping data for table `routes`
--

LOCK TABLES `routes` WRITE;
/*!40000 ALTER TABLE `routes` DISABLE KEYS */;
INSERT INTO `routes` VALUES (104,10001,'05:44:00',48075,'05:48:00',48076,'05:52:00',48077,'05:56:00',36112,'06:00:00',30561,'06:04:00',34991,'06:08:00',36469,'06:12:00',30528,'06:16:00',30585,'06:20:00',36288,'06:24:00'),(105,10003,'00:03:00',27676,'01:12:00',27624,'01:15:00',27522,'01:18:00',37151,'01:21:00',30949,'01:24:00',30332,'01:27:00',30313,'01:30:00',36290,'01:00:00',30299,'01:03:00',37185,'01:06:00'),(108,10003,'07:03:00',27918,'08:12:00',27408,'08:15:00',30462,'08:18:00',30015,'08:21:00',30247,'08:24:00',27522,'08:27:00',37151,'08:30:00',30898,'08:33:00',50001,'08:36:00',34697,'08:06:00'),(109,36469,'06:04:00',31564,'06:08:00',31689,'06:12:00',34405,'06:16:00',31570,'06:20:00',34293,'06:24:00',31881,'06:28:00',31899,'06:32:00',NULL,NULL,NULL,NULL,NULL,NULL),(110,10003,'07:48:00',37078,'08:57:00',27522,'09:00:00',37151,'09:03:00',30898,'09:06:00',50001,'09:09:00',36448,'08:39:00',27243,'08:42:00',37324,'08:45:00',30378,'08:48:00',30983,'08:51:00'),(111,10002,'06:23:00',37092,'08:38:00',37030,'08:08:00',37067,'08:11:00',30234,'08:14:00',27393,'08:17:00',27956,'08:20:00',30193,'08:23:00',27788,'08:26:00',34110,'08:29:00',36411,'08:32:00'),(113,10003,'06:58:00',37092,'08:40:00',37220,'08:10:00',30559,'08:13:00',37221,'08:16:00',37186,'08:19:00',37008,'08:22:00',36153,'08:25:00',27871,'08:28:00',37191,'08:31:00',36411,'08:34:00'),(114,10002,'07:20:00',27719,'07:23:00',30089,'07:26:00',50002,'07:29:00',30138,'07:32:00',27291,'07:35:00',37105,'07:38:00',29789,'07:41:00',36288,'07:44:00',NULL,NULL,NULL,NULL),(115,10001,'17:34:00',36288,'18:22:00',36261,'17:42:00',27227,'17:46:00',27514,'17:50:00',27197,'17:54:00',36274,'17:58:00',10003,'18:02:00',30487,'18:06:00',30043,'18:10:00',30456,'18:14:00'),(116,10002,'17:28:00',30456,'18:37:00',27291,'18:40:00',36288,'18:43:00',27522,'18:13:00',37151,'18:16:00',30949,'18:19:00',30332,'18:22:00',30313,'18:25:00',10003,'18:28:00',30487,'18:31:00'),(117,10002,'17:33:00',34507,'17:36:00',27774,'17:39:00',50016,'17:42:00',30487,'17:45:00',30043,'17:48:00',30456,'17:51:00',27291,'17:54:00',31765,'17:57:00',37105,'18:00:00',29789,'18:03:00'),(118,10001,'17:38:00',27863,'18:47:00',27973,'18:50:00',30949,'18:53:00',30332,'18:56:00',30313,'18:59:00',10003,'19:02:00',37232,'18:32:00',34511,'18:35:00',30494,'18:38:00',36112,'18:41:00'),(122,10001,'17:28:00',48075,'18:37:00',36495,'18:40:00',36261,'18:43:00',27227,'18:46:00',27514,'18:49:00',27197,'18:52:00',36274,'18:55:00',10003,'18:58:00',36430,'18:28:00',27412,'18:31:00'),(124,10001,'08:48:00',34777,'08:51:00',NULL,NULL,NULL,NULL,NULL,NULL,NULL,NULL,NULL,NULL,NULL,NULL,NULL,NULL,NULL,NULL,NULL,NULL),(126,10002,'06:33:00',27412,'09:21:00',27941,'09:24:00',48075,'09:27:00',48076,'09:30:00',48077,'09:33:00',37069,'09:03:00',48068,'09:06:00',37014,'09:09:00',37103,'09:12:00',34728,'09:15:00'),(127,31691,'07:21:00',37065,'07:24:00',30352,'07:27:00',27006,'07:30:00',29789,'07:33:00',30500,'07:36:00',27372,'07:06:00',27934,'07:09:00',30366,'07:12:00',30350,'07:15:00',27703,'07:18:00'),(128,10002,'07:24:00',36495,'07:28:00',36261,'07:32:00',36424,'07:36:00',37121,'07:40:00',30352,'07:44:00',27006,'07:48:00',29789,'07:52:00',36288,'07:56:00',NULL,NULL,NULL,NULL),(131,10002,'21:28:00',36288,'22:37:00',27934,'22:07:00',30366,'22:10:00',30350,'22:13:00',27703,'22:16:00',31691,'22:19:00',37065,'22:22:00',37121,'22:25:00',30352,'22:28:00',27006,'22:31:00'),(132,10002,'17:33:00',27719,'07:18:00',30089,'07:21:00',50002,'07:24:00',30138,'07:27:00',27291,'07:30:00',31765,'07:33:00',29789,'07:36:00',36288,'07:39:00',NULL,NULL,NULL,NULL),(133,10003,'10:58:00',27197,'12:40:00',36274,'12:43:00',34728,'12:13:00',36430,'12:16:00',27412,'12:19:00',27941,'12:22:00',48075,'12:25:00',36495,'12:28:00',36261,'12:31:00',27227,'12:34:00'),(140,10002,'15:03:00',30500,'15:06:00',47038,'15:09:00',30500,'15:12:00',NULL,NULL,NULL,NULL,NULL,NULL,NULL,NULL,NULL,NULL,NULL,NULL,NULL,NULL),(141,10001,'07:38:00',34778,'07:41:00',NULL,NULL,NULL,NULL,NULL,NULL,NULL,NULL,NULL,NULL,NULL,NULL,NULL,NULL,NULL,NULL,NULL,NULL),(142,10003,'06:28:00',50040,'06:31:00',NULL,NULL,NULL,NULL,NULL,NULL,NULL,NULL,NULL,NULL,NULL,NULL,NULL,NULL,NULL,NULL,NULL,NULL),(143,10003,'06:13:00',37075,'08:28:00',37077,'08:31:00',37003,'08:34:00',37001,'08:37:00',37095,'08:40:00',36411,'08:43:00',37091,'08:46:00',37092,'08:49:00',27166,'08:19:00',27052,'08:22:00'),(701,47000,'06:37:00',47115,'07:46:00',47031,'07:49:00',47032,'07:52:00',47033,'07:55:00',47034,'07:58:00',47062,'08:01:00',47030,'07:31:00',47035,'07:34:00',47036,'07:37:00',47112,'07:40:00'),(702,47000,'06:03:00',47057,'07:12:00',47058,'07:15:00',47059,'07:18:00',47060,'07:21:00',47061,'07:24:00',47062,'07:27:00',47050,'06:57:00',47051,'07:00:00',47052,'07:03:00',47053,'07:06:00'),(703,47001,'06:03:00',47084,'07:12:00',47085,'07:15:00',47086,'07:18:00',47087,'07:21:00',47088,'07:24:00',47008,'07:27:00',47029,'07:30:00',47030,'07:33:00',47103,'07:03:00',47082,'07:06:00'),(704,47001,'06:43:00',47084,'08:25:00',47085,'08:28:00',47086,'08:31:00',47087,'08:34:00',48030,'08:04:00',48031,'08:07:00',48032,'08:10:00',48033,'08:13:00',48034,'08:16:00',48035,'08:19:00');
/*!40000 ALTER TABLE `routes` ENABLE KEYS */;
UNLOCK TABLES;

--
-- Table structure for table `stops`
--

DROP TABLE IF EXISTS `stops`;
/*!40101 SET @saved_cs_client     = @@character_set_client */;
/*!40101 SET character_set_client = utf8 */;
CREATE TABLE `stops` (
  `id` int(6) unsigned NOT NULL,
  `tag` varchar(45) DEFAULT NULL,
  `title` varchar(45) DEFAULT NULL,
  `lat` decimal(9,7) DEFAULT NULL,
  `lon` decimal(9,7) DEFAULT NULL,
  PRIMARY KEY (`id`)
) ENGINE=InnoDB DEFAULT CHARSET=latin1;
/*!40101 SET character_set_client = @saved_cs_client */;

--
-- Dumping data for table `stops`
--

LOCK TABLES `stops` WRITE;
/*!40000 ALTER TABLE `stops` DISABLE KEYS */;
INSERT INTO `stops` VALUES (10001,'stamsu','Stamp Student Union - Slip',38.9876099,-76.9439449),(10002,'stamsuhh','Stamp Student Union - Lot HH',38.9874519,-76.9440396),(10003,'regegara','Regents Drive Garage',38.9895254,-76.9407500),(27006,'baltqueb','Baltimore Ave and Quebec St (Inbound)',38.9946244,-76.9323560),(27023,'tula3403','Graduate Hills at 3404 Tulane Dr',38.9846895,-76.9583155),(27047,'cour300','Courtyards #300',39.0013104,-76.9419255),(27052,'ivyridg','Ivy Ln and Ridge Rd',39.0077479,-76.8906287),(27075,'hillmunc','Van Munching Hall (Inbound)',38.9829719,-76.9481942),(27081,'hanogree','Hanover Pkwy and Greenbelt Rd',38.9948379,-76.8740241),(27150,'lastjuli','Lastner Ln and Julian Ct (Inbound)',39.0090903,-76.8853262),(27166,'lastivy','Lastner Ln and Ivy Ln',39.0075078,-76.8887266),(27178,'lakewest','Lakeside Dr and Westway (Inbound)',38.9986079,-76.8848814),(27184,'lakelake','Lakecrest Dr and Lakeside Dr',38.9978001,-76.8860870),(27197,'laplat','La Plata Hall',38.9922186,-76.9456300),(27227,'elk','Elkton Hall',38.9924177,-76.9485888),(27243,'edgerhod','Edgewood Rd and Rhode Island Ave (Inbound)',39.0159700,-76.9211996),(27270,'baltqueb','Baltimore Ave and Quebec St(Outbound)',38.9946079,-76.9322248),(27291,'baltritc','Ritchie Coliseum',38.9852774,-76.9370967),(27301,'baltmacd','Baltimore Avenue and Berwyn House Road',38.9923857,-76.9331919),(27329,'ridgrese','Ridge Rd and Research Rd (Inbound)',39.0113699,-76.8780186),(27364,'leoncomm','Leonardtown Community Center',38.9837100,-76.9337999),(27372,'rhodcher','Rhode Island Avenue and Cherokee Street (Outb',39.0023874,-76.9244471),(27386,'ridgsout','Ridge Rd and Southway',38.9986295,-76.8767675),(27393,'univ14th','University Blvd and 14th Ave',38.9872511,-76.9852817),(27408,'metzobse','Metzerott Rd @ UM Observatory',39.0025843,-76.9545755),(27412,'somehall','Somerset Hall',38.9847538,-76.9458235),(27420,'ssvill','Seven Springs Apts at 9310 Cherry Hill Rd',39.0159991,-76.9394283),(27431,'bonidix','Bonifant Street and Dixon Avenue',38.9934477,-77.0277056),(27505,'sccomm1','South Campus Commons 1 & 2',38.9823584,-76.9434595),(27514,'hage','Hagerstown Hall',38.9929700,-76.9475990),(27522,'lot4','Paint Branch Dr at Lot 4b (Inbound)',38.9978287,-76.9404883),(27533,'lds','LDS Institute of Religion',38.9822217,-76.9471325),(27579,'gree60th','Greenbelt Rd and 60th Ave',38.9979499,-76.9126796),(27580,'gradhill','Adelphi Rd at Graduate Hills Apts',38.9846606,-76.9555421),(27624,'greemetz','Greenmeade Dr and Metzerott Rd',39.0010682,-76.9446931),(27676,'greemead','Greenmead Dr at Maryland 4-H (Inbound)',39.0026768,-76.9433279),(27682,'11frat','Fraternity Row #11',38.9830160,-76.9354865),(27699,'tula3424','Graduate Hills at 3424 Tulane Dr',38.9849359,-76.9559844),(27703,'edgerhod','Edgewood Road and Rhode Island Avenue (Outbou',39.0161096,-76.9214099),(27719,'artsoci','Art/Sociology Building',38.9852900,-76.9467700),(27726,'5frat','Fraternity Row #5',38.9848022,-76.9342719),(27735,'cour500','Courtyards #500',39.0030719,-76.9425747),(27742,'cour400','Courtyards #400',39.0018670,-76.9427100),(27774,'uniofiel','Union Ln and Fieldhouse Dr',38.9886927,-76.9453070),(27788,'univ25th','University Blvd and 25th Ave',38.9844296,-76.9674135),(27790,'univshop','University Blvd at Adelphi Plaza',38.9846405,-76.9671043),(27800,'cher9348','Seven Springs Apts at 9348 Cherry Hill Rd',39.0169461,-76.9393951),(27816,'cher9308','Seven Springs Apts at 9308 Cherry Hill Rd',39.0178782,-76.9376829),(27828,'mandhano','Mandan Rd and Hanover Pkwy',38.9979006,-76.8654631),(27837,'hanoelea','Hanover Pkwy at Eleanor Roosevelt High School',38.9965594,-76.8705396),(27859,'adelwell','Adelphi Rd and Wells Blvd',38.9795417,-76.9545905),(27863,'avwill','A.V. Williams Building',38.9909815,-76.9372600),(27871,'adelwell','Adelphi Rd and Wells Pkwy (Inbound)',38.9792306,-76.9543073),(27892,'metz1811','Metzerott Rd at The Delano Apts',39.0036704,-76.9760639),(27902,'ridggard','Ridge Rd and Gardenway (Inbound)',39.0006214,-76.8729368),(27918,'metzarch','Metzerott Rd at Archives II (Inbound)',39.0031400,-76.9589308),(27925,'ridgeast','Ridge Rd and Eastway (Inbound)',39.0048962,-76.8727822),(27934,'rhodindi','Rhode Island Ave and Fox St (Outbound)',39.0059699,-76.9234900),(27941,'annearun','Anne Arundel Hall',38.9859447,-76.9469495),(27956,'univhech','University Blvd and Riggs Road (Inbound)',38.9847308,-76.9810314),(27973,'techpain','Paint Branch Dr and Technology Dr',38.9925816,-76.9372700),(27987,'toleadel','Toledo Rd and Adelphi Rd',38.9700700,-76.9497998),(27994,'ridgplat','Ridge Rd and Plateau Pl (Inbound)',39.0092352,-76.8733011),(29789,'baltvars','Baltimore Ave at The Varsity',38.9908313,-76.9340075),(30004,'metznham','Metzerott Rd and New Hampshire Ave (Inbound)',39.0041118,-76.9800581),(30015,'metz36th','Metzerott Road and 36th Avenue (Inbound)',39.0014833,-76.9481327),(30027,'memo','Memorial Chapel (Inbound)',38.9841398,-76.9400506),(30036,'metz24th','Metzerott Rd and 24th Ave',39.0025883,-76.9668481),(30043,'memo','Memorial Chapel (Outbound)',38.9848206,-76.9401500),(30062,'westridg','Westway and Ridge Rd (Inbound)',38.9995338,-76.8819761),(30089,'wico','Wicomico Hall',38.9837500,-76.9451600),(30091,'westpark','Westchester Park Circle',38.9899966,-76.9043144),(30101,'waynslig','Wayne Ave and Sligo Creek Pkwy (Outbound)',38.9996595,-77.0104152),(30129,'waynslig','Wayne Ave and Sligo Creek Pkwy (Inbound)',38.9995905,-77.0100170),(30138,'collpksh','College Park Shopping Ctr (Outbound)',38.9809619,-76.9390277),(30172,'univguil','University Blvd at Campus Gardens',38.9840790,-76.9730672),(30193,'univcity','University Blvd and Guilford Rd',38.9835797,-76.9762175),(30206,'univnham','University Blvd and New Hampshire Ave',38.9880237,-76.9862100),(30234,'univhamp','Takoma-Langley Crossroads Transit Center (Inb',38.9900520,-76.9881710),(30247,'metzgree','Metzerott Rd and University Blvd (Inbound)',39.0008996,-76.9447876),(30252,'metzsa','Metzerott Rd @ System Administration',39.0024140,-76.9531702),(30268,'metznham','Metzerott Rd and New Hampshire Ave (Outbound)',39.0042327,-76.9804472),(30275,'nhamoak','New Hampshire Ave and Oakview Dr (Outbound)',39.0150626,-76.9777991),(30281,'metzpres','Metzerott Rd at Presidential Towers',39.0037089,-76.9755719),(30299,'metzgree','Metzerott Rd and Greenmead Dr',39.0009111,-76.9444710),(30309,'regepain','Regents Dr and Paint Branch Dr (Outbound)',38.9936299,-76.9374813),(30313,'regefarm','Regents Dr and Farm Dr (Inbound)',38.9914838,-76.9407074),(30321,'regecomc','Regents Drive at XFINITY Center (Outbound)',38.9934722,-76.9399270),(30332,'regecomc','Regents Drive at XFINITY Center (Inbound)',38.9936404,-76.9398124),(30345,'oraggree','Ora Glen Dr and Greenbrook Dr',38.9902385,-76.8707050),(30350,'hollshop','Rhode Island Ave and Hollywood Shopping Ctr',39.0138309,-76.9213750),(30351,'baltberw','Baltimore Ave and Berwyn Rd (Outbound)',38.9961091,-76.9317454),(30352,'baltberw','Baltimore Ave and Berwyn Rd (Inbound)',38.9964072,-76.9318290),(30366,'rhodholl','Rhode Island Avenue and Hollywood Road (Outbo',39.0108829,-76.9221711),(30378,'rhodholl','Rhode Island Ave and Hollywood Rd (Inbound)',39.0105519,-76.9223553),(30397,'regestad','Regents Dr and Stadium Dr',38.9900117,-76.9406498),(30418,'nhamfox','New Hampshire Ave and Fox St',39.0080415,-76.9797824),(30425,'regefarm','Regents Dr and Farm Dr (Outbound)',38.9912618,-76.9406599),(30456,'mont','Montgomery Hall (Outbound)',38.9824312,-76.9391529),(30460,'metz36th','Metzerott Road and 36th Avenue (Outbound)',39.0014357,-76.9474842),(30473,'mont','Montgomery Hall (Inbound)',38.9824956,-76.9391278),(30487,'mitc','Mitchell Building (Outbound)',38.9866498,-76.9401999),(30494,'mitc','Mitchell Building (Inbound)',38.9863662,-76.9401199),(30500,'painstad','Glenn L. Martin Wind Tunnel',38.9899502,-76.9372500),(30528,'pain50th','Campus Drive and 50th Avenue',38.9789340,-76.9266479),(30561,'campdiam','Campus Drive and Diamondback Drive',38.9879842,-76.9340325),(30585,'painrhod','Campus Drive and Rhode Island Avenue (Inbound',38.9835717,-76.9309582),(30898,'painrege','Paint Branch Dr and Regents Dr (Bus Shelter)',38.9934990,-76.9373896),(30912,'mandgoak','Mandan Rd at Glen Oaks Apartments',38.9926710,-76.8642780),(30920,'metzadel','Metzerott Rd and Adelphi Rd',39.0025171,-76.9657198),(30931,'mandcann','Mandan Rd and Canning Terr',38.9904441,-76.8643979),(30949,'regepain','Regents Dr and Paint Branch Dr (Inbound)',38.9936749,-76.9377348),(30965,'rhodcher','Rhode Island Ave and Cherokee St (Inbound)',39.0027034,-76.9244616),(30977,'oraghano','Ora Glen Dr and Hanover Pkwy',38.9910800,-76.8757162),(30983,'rhodfox','Rhode Island Avenue and Fox Street (Outbound)',39.0064427,-76.9234763),(31540,'wayndale','Wayne Ave and Dale Dr (Outbound)',38.9993802,-77.0172814),(31564,'acphys','River Road and Rivertech Court',38.9699561,-76.9271071),(31570,'collpark','College Park Academy',38.9682923,-76.9279211),(31689,'acphys','American Center for Physics',38.9718216,-76.9301381),(31691,'edge49th','Edgewood Road and 49th Avenue (Outbound)',39.0160610,-76.9243329),(31754,'waynfent','Wayne Ave and Fenton St (Inbound)',38.9952298,-77.0245902),(31765,'univclub','University Club Apartments',38.9906518,-76.9298057),(31847,'wayndale','Wayne Ave and Dale Dr (Inbound)',38.9992414,-77.0177496),(31868,'waynwhol','Wayne Ave and Fenton St (Outbound)',38.9959666,-77.0235453),(31881,'usda','USDA',38.9698864,-76.9261353),(31899,'rrmshel','River Road at American Center for Physics',38.9722045,-76.9283434),(34110,'univgrad','University Blvd at Graduate Hills',38.9853553,-76.9578695),(34134,'univrite','Takoma-Langley Crossroads Transit Center (Out',38.9898440,-76.9885876),(34217,'hopkknox','Knox Rd and Hopkins Ave',38.9799235,-76.9338359),(34238,'prinknox','Knox Rd and Princeton Ave',38.9802601,-76.9353307),(34293,'msqua','M-Square',38.9707573,-76.9229913),(34388,'greegreei','Greenbelt Rd at Greenway Center (Inbound)',38.9942301,-76.8770008),(34389,'greegree','Greenbelt Rd at Greenway Center (Outbound)',38.9939788,-76.8775104),(34405,'rayt','Raytheon',38.9683562,-76.9283283),(34422,'camplt1d','Campus Dr at Lot 3',38.9846897,-76.9510623),(34507,'hoff','Hoff Theater',38.9880686,-76.9453900),(34511,'loty','Lot Y and Chapel Dr',38.9843599,-76.9417399),(34650,'coolspri','Metzerott Rd and Riggs Rd (Outbound)',39.0032699,-76.9722580),(34697,'coolspri','Metzerott Rd and Riggs Rd (Inbound)',39.0032712,-76.9728700),(34728,'sccomm5','South Campus Commons 5 and 6',38.9823229,-76.9448437),(34771,'flowplym','Flower Ave and Plymouth St',39.0015600,-77.0045400),(34778,'wdiapknr','West Diamond Ave Park & Ride Lot',39.1411079,-77.2116310),(34873,'rhodcoll','Rhode Island Ave & College Ave',38.9807245,-76.9318659),(34894,'univbapt','University Methodist Church',38.9848397,-76.9523464),(34958,'4327rwlt','Graduate Gardens at 4327 Rowalt Dr',38.9782048,-76.9400307),(34970,'knoxrhod','Knox Rd and Rhode Island Ave',38.9796165,-76.9324227),(34991,'painrhod','Campus Drive and Rhode Island Avenue (Outboun',38.9836057,-76.9313272),(36108,'umuc','UMUC - College Park Marriott',38.9852810,-76.9540366),(36112,'campmath','Campus Dr at Math Slip',38.9878607,-76.9386063),(36120,'camplot19','Campus Dr at UMUC Lot 19',38.9852716,-76.9543985),(36152,'adel','Adelphi Rd at Northwestern HS',38.9754953,-76.9521020),(36153,'adelvbur','Adelphi Rd and Van Buren St',38.9752810,-76.9517565),(36154,'cher47th','Cherry Hill Rd and 47th Ave',39.0165878,-76.9321727),(36257,'yalecoll','Yale Ave and Lehigh Rd',38.9815053,-76.9364056),(36261,'cspac','Valley Drive at Stadium Drive Garage',38.9902373,-76.9494000),(36274,'camb','Cambridge Hall',38.9914205,-76.9430218),(36288,'campmcir','Campus Drive at M-Circle',38.9876990,-76.9395204),(36290,'lot4','Paint Branch Dr at Lot 4b (Outbound)',38.9978948,-76.9404138),(36411,'cspa','Stadium Drive and University Boulevard',38.9917560,-76.9502370),(36424,'dent','Denton Hall',38.9919412,-76.9500943),(36430,'lota','Preinkert Drive at Lot A',38.9842509,-76.9451946),(36448,'edge49th','Edgewood Rd and 49th Ave (Inbound)',39.0159490,-76.9243310),(36469,'cpmetro','College Park - UMD Metro Station',38.9781498,-76.9275778),(36476,'cpmark','Cherry Hill Rd at College Park Marketplace',39.0160182,-76.9301971),(36495,'lot1','Union Dr at Lot 1b',38.9872099,-76.9481576),(37001,'gree60th','60th Ave and Greenbelt Rd (Inbound)',38.9972712,-76.9119102),(37002,'60thruat','60th Ave and Ruatan St (Outbound)',38.9947933,-76.9115234),(37003,'ruat60th','60th Ave and Ruatan St (Inbound)',38.9946237,-76.9114003),(37006,'lega85th','85th Ave and Legation St',38.9607899,-76.8698800),(37007,'long85th','85th Ave and Longfellow St',38.9595986,-76.8697998),(37008,'adeltole','Adelphi Rd and Toledo Rd',38.9706254,-76.9490295),(37009,'annafinn','Annapolis Rd and Finns Ln',38.9530080,-76.8782143),(37010,'annarive','Annapolis Rd and Riverdale Rd',38.9554776,-76.8735862),(37011,'aubu1st','Auburn Ave and 1st St',38.9663098,-76.8960400),(37012,'aubu3rd','Auburn Ave and 3rd St',38.9691257,-76.8948130),(37013,'aubuches','Auburn Ave and Chestnut Ave',38.9714870,-76.8937951),(37014,'baltamhe','Baltimore Ave and Amherst Rd',38.9728518,-76.9378620),(37019,'balthart','Baltimore Ave and Hartwick Rd (Inbound)',38.9794663,-76.9378300),(37023,'baltsher','Baltimore Ave and Sheridan St',38.9657284,-76.9388188),(37024,'baltunde','Baltimore Ave and Underwood St',38.9686097,-76.9385685),(37025,'carranne','Carroll Ave and Anne St',38.9876429,-76.9946070),(37026,'carrchest','Carroll Ave and Chester St',38.9899268,-76.9935629),(37027,'carrgarl','Caroll Ave and Garland Ave (Outbound)',38.9862204,-76.9963195),(37028,'carrgarl','Carroll Ave and Garland Ave (Inbound)',38.9862373,-76.9961839),(37029,'carrglen','Carroll Ave and Glenside Dr',38.9879584,-76.9943820),(37030,'carrwild','Carroll Ave and Wildwood Dr',38.9897314,-76.9935114),(37031,'carrmnap','85th Ave at Carrollton Manor Apartments',38.9560196,-76.8682799),(37032,'cunnpont','Cunningham Dr and Pontiac St',38.9923653,-76.9130547),(37036,'ewhwtayl','East-West Hwy and Taylor Rd (Inbound)',38.9624905,-76.9290223),(37037,'ewhwtayl','East-West Hwy and Taylor Rd (Outbound)',38.9623242,-76.9294593),(37038,'ewhwbeal','East-West Hwy and W Beale Cir',38.9641206,-76.9379016),(37040,'flowcarr','Flower Ave and Carroll Ave (Outbound)',38.9853069,-76.9988477),(37041,'flowcarr','Flower Ave and Carroll Ave (Inbound)',38.9852146,-76.9989177),(37042,'flowdivi','Flower Ave at Washington Adventist University',38.9867605,-76.9998514),(37043,'flowdivi','Flower Ave at Washington Adventist University',38.9870475,-77.0001883),(37044,'flowdome','Flower Ave and Domer Ave (Outbound)',38.9966735,-77.0031553),(37045,'flowdome','Flower Ave and Domer Ave (Inbound)',38.9962614,-77.0031528),(37046,'flowhuds','Flower Ave and Hudson (Outbound)',38.9924554,-77.0021792),(37047,'flowhuds','Flower Ave and Hudson (Inbound)',38.9925543,-77.0022800),(37048,'flowkenne','Flower Ave and Kennebec Ave (Outbound)',38.9895808,-77.0013728),(37049,'flowkenn','Flower Ave and Kennebec (Inbound)',38.9897144,-77.0015479),(37050,'flowplym','Flower Ave and Plymouth St (Inbound)',39.0015750,-77.0046644),(37051,'founclap','Riverdale Rd at Fountain Club Apartments',38.9600285,-76.8795845),(37052,'gdlkian','Good Luck Rd and Ian St',38.9725314,-76.8912735),(37053,'gdlknash','Good Luck Rd and Nashville Rd',38.9746888,-76.8864037),(37058,'herisqap','Riverdale Rd at Heritage Square Apartments',38.9585215,-76.8752215),(37059,'lamocarr','Lamont Dr and Carrollton Pkwy',38.9693726,-76.8801134),(37060,'lamodono','Lamont Dr and Donoghue Dr',38.9746630,-76.8821713),(37061,'lamolarc','Lamont Dr and Larchwood St',38.9678770,-76.8798725),(37062,'lamoquen','Lamont Dr and Quentin St',38.9718530,-76.8807906),(37063,'lamoelem','Good Luck Rd at Lamont Elementary School',38.9749699,-76.8838802),(37064,'lenocrap','85th Ave at Lenox Court Apartments',38.9538914,-76.8687800),(37065,'mazz','Mazza GrandMarc',39.0111215,-76.9300394),(37066,'merrilock','Merrimac Dr and Lockney Ave',38.9924200,-76.9921400),(37067,'merriuniv','Merrimac Dr and University Blvd',38.9924899,-76.9917300),(37069,'ngarmo','Baltimore Ave at National Guard Armory',38.9683104,-76.9384612),(37071,'ncarmetr','New Carrollton Metro Station',38.9488713,-76.8728252),(37072,'nhamadel','New Hampshire Ave and Adelphi Road (Outbound)',39.0110759,-76.9789397),(37075,'pont63rd','Pontiac St and 63rd Ave (Inbound)',38.9910473,-76.9076994),(37076,'pont63rd','Pontiac St and 63rd Ave (Outbound)',38.9910682,-76.9080273),(37077,'pontcunn','Pontiac St and Cunningham Dr',38.9922585,-76.9129185),(37078,'rhoduni','Rhode Island Ave and University Blvd (Inbound',38.9997597,-76.9252728),(37079,'rive62nd','Riverdale Rd and 62nd Place',38.9607608,-76.9120177),(37080,'rivd61st','Riverdale Rd and 61st Place',38.9604936,-76.9122848),(37081,'rive64th','Riverdale Rd and 64th Ave',38.9612295,-76.9074080),(37082,'rive67th','Riverdale Rd and 67th Ave',38.9613322,-76.9028455),(37083,'rive67ct','Riverdale Rd and 67th Ct',38.9618134,-76.9023121),(37084,'riveaubu','Riverdale Rd and Auburn Ave',38.9642799,-76.8971077),(37085,'riveeast','Riverdale Rd and Eastpine Dr',38.9610499,-76.9067853),(37086,'rivefinn','Riverdale Rd and Finns Ln',38.9620909,-76.8867462),(37087,'rivelamo','Riverdale Rd and Lamont Dr',38.9613655,-76.8826626),(37088,'rivemaho','Riverdale Rd and Mahoney Dr',38.9595921,-76.8776599),(37089,'rivemart','Riverdale Rd and Martins Ln',38.9634325,-76.8893633),(37090,'rive58th','Riverdale Rd at St Jude Lutheran Church',38.9601372,-76.9156710),(37091,'stadgara','Stadium Drive Garage',38.9917469,-76.9475442),(37092,'stadvtho','Varsity Team House',38.9906046,-76.9454185),(37093,'univrigg','University Blvd and Riggs Rd (Outbound)',38.9845483,-76.9803602),(37094,'greeseve','Greenbelt Rd at Severn Building (Outbound)',38.9980900,-76.9244527),(37095,'greerhod','Greenbelt Rd at Severn Building (Inbound)',38.9982133,-76.9254433),(37096,'univpkth','Baltimore Ave at University Park Town Hall',38.9725017,-76.9380183),(37098,'westlamo','Westbrook Dr and Lamont Dr',38.9658000,-76.8802800),(37099,'westmadi','Westbrook Dr and Madison St',38.9623384,-76.8702330),(37100,'westogle','Westbrook Dr and Oglethorpe St',38.9642509,-76.8715632),(37101,'westpowh','Westbrook Dr and Powhatan St',38.9655377,-76.8730068),(37102,'wildshop','Riverdale Rd at Wildercroft Shopping Center',38.9644101,-76.8978744),(37103,'guilrowa','Guilford Drive and Rowalt Drive (Inbound)',38.9781553,-76.9390836),(37105,'univview','University View',38.9923400,-76.9338999),(37106,'nhamadel','New Hampshire Ave and Adelphi Rd (Inbound)',39.0116175,-76.9790439),(37118,'4315rwlt','Graduate Gardens at 4315 Rowalt Dr',38.9788306,-76.9414219),(37119,'arch','Metzerott Rd at Archives II (Outbound)',39.0031633,-76.9581295),(37121,'enclave','The Enclave',38.9978200,-76.9318200),(37124,'chateau','Mt Pisgah Rd at Chateau Apartments',39.0165800,-76.9761300),(37126,'rhodnorw','Rhode Island Ave and Norwich Rd',38.9818979,-76.9313952),(37148,'univtula','University Blvd and Tulane Dr',38.9853988,-76.9588032),(37150,'shutbase','Shuttle-UM Base (Outbound)',38.9953474,-76.9374988),(37151,'shutbase','Shuttle-UM Base (Inbound)',38.9953571,-76.9375886),(37152,'tula3410','Graduate Hills at 3410 Tulane Dr',38.9847285,-76.9573551),(37153,'60thgree','60th Ave and Greenbelt Rd (Outbound)',38.9973235,-76.9119880),(37171,'balthami','Baltimore Ave and Hamilton St',38.9542751,-76.9403194),(37172,'baltlong','Baltimore Ave and Longfellow St',38.9567242,-76.9400419),(37173,'baltogle','Baltimore Ave and Oglethorpe St',38.9593855,-76.9397604),(37179,'baltgall','Baltimore Ave and Gallatin St',38.9530736,-76.9404606),(37185,'gree','Greenmead Dr at Maryland 4-H (Outbound)',39.0020474,-76.9434988),(37186,'belctole','Toledo Rd and Belcrest Rd (Inbound)',38.9698444,-76.9532048),(37191,'adeltula','Adelphi Rd and Campus Dr',38.9846321,-76.9553383),(37211,'39thquee','Queensbury Rd and 39th Pl',38.9639100,-76.9503707),(37212,'42ndquee','42nd Ave and Queensbury Rd',38.9635641,-76.9462603),(37213,'42ndogle','42nd Ave and Oglethorpe St',38.9596743,-76.9465446),(37214,'42ndmadi','42nd Ave and Madison St',38.9580062,-76.9467596),(37215,'42ndjeff','42nd Ave and Jefferson St',38.9553894,-76.9457762),(37216,'42ndfarr','Farragut St and 42nd Pl',38.9517499,-76.9443580),(37217,'farrrhod','Farragut St and Rhode Island Ave',38.9516600,-76.9412300),(37218,'44thquee','Queensbury Rd and 44th Pl',38.9632582,-76.9404546),(37219,'quee42nd','Queensbury Rd and 42nd Pl',38.9637691,-76.9450616),(37220,'belcquch','Belcrest Rd and Queens Chapel Rd',38.9643701,-76.9527003),(37232,'shoebuil','Shoemaker Building',38.9838654,-76.9421853),(37240,'tolebelc','Toledo and Belcrest Rd (Outbound)',38.9699100,-76.9532842),(37324,'rhodmusk','Rhode Island Avenue and Muskogee Street',39.0136129,-76.9215202),(47000,'peargara','Pearl St Garage',39.2907856,-76.6245549),(47001,'peargara','Pearl St Garage',39.2902810,-76.6244357),(47004,'greefaye','Green St & Fayette St',39.2906036,-76.6238161),(47005,'greebalt','Green St & Baltimore St',39.2893638,-76.6237402),(47006,'greelomb','Greene St & Lombard St',39.2878134,-76.6236502),(47008,'lombmlk','Lombard St & Martin Luther King Jr Blvd',39.2872977,-76.6274602),(47009,'pratpenn','Pratt St & Penn St',39.2860700,-76.6255869),(47010,'pratgree','Pratt St & Green St',39.2861103,-76.6238817),(47011,'greeprat','Green St & Pratt St',39.2858834,-76.6235606),(47012,'washemor','Washington Blvd & Emory St',39.2845546,-76.6243629),(47013,'washmlk','Washington Blvd & Martin Luther King Jr Blvd',39.2836365,-76.6258074),(47014,'washbarr','Washington Blvd & Barre St',39.2831817,-76.6271531),(47015,'washscot','Washington Blvd & Scott St',39.2830100,-76.6286709),(47022,'ramsapts','Ramsay St Apartments',39.2837202,-76.6288100),(47023,'scotroun','Scott St & Roundhouse Ct',39.2852842,-76.6288990),(47024,'scotlemm','Scott St & Lemmon St',39.2865555,-76.6289693),(47025,'lombpark','Lombard St & Parkin St',39.2869202,-76.6304041),(47026,'popplomb','Poppleton St & Lombard St',39.2872900,-76.6320200),(47027,'poppboot','Poppleton St & Booth St',39.2887338,-76.6320545),(47028,'baltfrem','Baltimore St & Martin Luther King Jr Blvd',39.2889300,-76.6285900),(47029,'baltpine','Baltimore & Pine St',39.2890200,-76.6265282),(47030,'umbtrans','UMB Transit Center',39.2891200,-76.6242881),(47031,'eutafran','Eutaw St & Franklin St',39.2954642,-76.6213496),(47032,'eutamulb','Eutaw St & Mulberry St',39.2940418,-76.6212903),(47033,'eutasara','Eutaw St & Saratoga St',39.2930023,-76.6212310),(47034,'lexmmetr','Lexington Market',39.2912536,-76.6210983),(47035,'pacafaye','Paca St & Fayette St',39.2905826,-76.6223157),(47036,'pacasara','Paca St & Saratoga St',39.2929510,-76.6224692),(47038,'baltpaca','Baltimore St & Paca St',39.2891899,-76.6225509),(47039,'balthopk','Baltimore St & Hopkins Pl',39.2893089,-76.6183291),(47040,'charcent','Charles Center Metro',39.2897761,-76.6150800),(47041,'charsara','Charles St & Saratoga St',39.2921701,-76.6152430),(47042,'charvern','Charles St and Mt Vernon Pl',39.2976365,-76.6153277),(47043,'charread','Charles St and Read St',39.2994611,-76.6157500),(47044,'chareage','Charles St and Eager St',39.3008213,-76.6158400),(47045,'charchas','Charles St and Chase St',39.3022109,-76.6159385),(47046,'charbidd','Charles St and Biddle St',39.3033104,-76.6160107),(47047,'charpres','Charles St and Preston St',39.3042912,-76.6160807),(47049,'paulpres','St Paul and Preston St',39.3042325,-76.6145510),(47050,'paulbidd','St Paul and Biddle St',39.3031046,-76.6144795),(47051,'paulchas','St Paul and Chase St',39.3017530,-76.6143794),(47052,'paulread','St Paul and Read St',39.2999427,-76.6142601),(47053,'paulmadi','St Paul St and Madison St',39.2988525,-76.6141909),(47054,'charhami','Charles St & Hamilton St',39.2955011,-76.6154870),(47055,'charpenn','Charles St & Penn Station',39.3075428,-76.6162718),(47056,'paulpenn','St Paul St & Penn Station',39.3069380,-76.6147320),(47057,'paulmulb','St Paul & Mulberry St',39.2943060,-76.6142719),(47058,'paulsara','St Paul & Saratoga St',39.2924957,-76.6141345),(47059,'paullexi','St Paul & Lexington St',39.2912234,-76.6140170),(47060,'fayeplaz','Fayette St Plaza',39.2903470,-76.6162306),(47061,'fayehowa','Fayette St & Howard St',39.2905268,-76.6192767),(47062,'fayepaca','Fayette St & Paca St',39.2903797,-76.6220648),(47063,'paulcent','St Paul St & Centre St',39.2967031,-76.6140230),(47064,'mlkbalt','Martin Luther King Jr Blvd & Baltimore St',39.2887912,-76.6281499),(47065,'prathowa','Pratt St & Howard St',39.2862103,-76.6194926),(47075,'fortligh','Light St & Fort Ave',39.2727731,-76.6119228),(47082,'charlcon','Charles St & Conway St',39.2839958,-76.6145997),(47083,'charlcam','Charles St & Pratt St',39.2852959,-76.6147196),(47084,'lombchar','Lombard St & Charles St',39.2877502,-76.6156799),(47085,'lombhopk','Lombard St & Hopkins Pl',39.2877000,-76.6172387),(47086,'lombhowa','Lombard St & Howard St',39.2876408,-76.6188187),(47087,'lombeuta','Lombard St & Eutaw St',39.2875334,-76.6212795),(47088,'lombgree','Lombard St & Green St',39.2874570,-76.6232024),(47089,'biopark','BioPark',39.2888703,-76.6295243),(47090,'pratligh','Pratt St & Light St',39.2865153,-76.6141229),(47091,'lightcon','Light St & Conway St',39.2837048,-76.6133083),(47092,'lightlee','Light St & Lee St',39.2819927,-76.6131541),(47093,'lightmon','Light St & Montgomery St',39.2802116,-76.6127727),(47094,'lighthen','Light St & Henrietta St',39.2792919,-76.6126964),(47095,'lightcro','Light St & Cross St',39.2773539,-76.6124475),(47096,'lightwes','Light St & West St',39.2757218,-76.6122070),(47097,'lightost','Light St & Ostend St',39.2745604,-76.6120535),(47098,'fortchar','Fort Ave & Charles St',39.2727096,-76.6137297),(47099,'charoste','Charles St & Ostend St',39.2743985,-76.6141639),(47100,'charwest','Charles St & West St',39.2755392,-76.6142309),(47101,'charcros','Charles St & Cross St',39.2766487,-76.6143033),(47102,'charhenr','Charles St & Henrietta St',39.2787792,-76.6144337),(47103,'charlee','Charles St & Lee St',39.2816895,-76.6146352),(47112,'pennstmr','Pennsylvania Ave & St Mary St',39.2957178,-76.6249557),(47113,'ummccamp','UMMC: Midtown Campus',39.2995236,-76.6208480),(47115,'eutadrui','Eutaw St & Druid Hill Ave',39.2969422,-76.6214416),(47116,'balteuta','Baltimore St & Eutaw St',39.2892760,-76.6205898),(48009,'baltchar','Baltimore St & Charles St',39.2894450,-76.6155374),(48010,'baltsout','Baltimore St & South St',39.2896642,-76.6115772),(48011,'baltfred','Baltimore St & Frederick St',39.2897715,-76.6087141),(48012,'baltpres','Baltimore St & President St',39.2899958,-76.6055346),(48013,'baltexet','Baltimore St & Exeter St',39.2903675,-76.6035150),(48014,'baltlloy','Baltimore St & Lloyd St',39.2909846,-76.6011101),(48015,'broalomb','Broadway & Lombard St',39.2902974,-76.5938908),(48016,'broagoug','Broadway & Gough St (Outbound)',39.2877104,-76.5937327),(48017,'eastwolf','Eastern Ave & Wolfe St (Outbound)',39.2857177,-76.5904616),(48018,'eastwash','Eastern Ave & Washington St',39.2857730,-76.5891411),(48019,'eastmilt','Eastern Ave & Milton Ave',39.2860229,-76.5818639),(48020,'eastlake','Eastern Ave & Lakewood Ave',39.2861368,-76.5789169),(48021,'eastellw','Eastern Ave & Ellwood Ave',39.2863601,-76.5732904),(48022,'eastfait','East Ave & Fait Ave',39.2835957,-76.5713796),(48024,'bostellw','Boston St & Ellwood Ave',39.2775588,-76.5720309),(48025,'bostkenw','Boston St & Kenwood Ave',39.2785257,-76.5763548),(48026,'bostcomp','Boston St at The Can Company Shopping Center',39.2807324,-76.5804715),(48027,'eastches','Eastern Ave & Chester St',39.2858390,-76.5874086),(48028,'eastwolf','Eastern Ave & Wolfe St (Inbound)',39.2857801,-76.5897164),(48029,'eastbroa','Eastern Ave & Broadway',39.2856173,-76.5930536),(48030,'broagoug','Broadway & Gough St (Inbound)',39.2873238,-76.5934864),(48031,'lombcent','Lombard St & Central Ave',39.2902280,-76.5991104),(48032,'lombalbe','Lombard St & Albemarle St',39.2888062,-76.6036025),(48033,'lombmark','Lombard St & Market Place',39.2878913,-76.6074336),(48034,'lombcomm','Lombard St & Commence St',39.2877532,-76.6096469),(48035,'lombcalv','Lombard St & Calvert St',39.2878404,-76.6116617),(48036,'lombligh','Lombard St & Light St',39.2878014,-76.6132361),(48037,'ivylast','Ivy Lane and Lastner Lane',39.0074111,-76.8889441),(48038,'lastjuli','Lastner Lane and Julian Court (Outbound)',39.0090030,-76.8855675),(48039,'ridgrese','Ridge Road and Research Road (Outbound)',39.0113012,-76.8784344),(48040,'ridgplat','Ridge Road and Plateau Place (Outbound)',39.0090892,-76.8734108),(48041,'ridgeast','Ridge Road and Eastway (Outbound)',39.0050668,-76.8729771),(48042,'ridggard','Ridge Road and Gardenway (Outbound)',39.0008081,-76.8729202),(48043,'ridggrid','Ridge Road at Green Ridge House Apartments',38.9992112,-76.8748290),(48044,'westridg','Westway and Ridge Road (Outbound)',38.9994685,-76.8821864),(48045,'lakewest','Lakeside Drive and Westway (Outbound)',38.9985222,-76.8850616),(48046,'lakegree','Lakecrest Drive and Greenbelt Road (Outbound)',38.9960411,-76.8867610),(48047,'lakegree','Lakecrest Drive and Greenbelt Road (Inbound)',38.9960957,-76.8866386),(48061,'amersafe','America Boulevard at Safeway',38.9674012,-76.9522059),(48062,'amerregal','America Boulevard at Regal Cinemas Hyattsvill',38.9689218,-76.9520740),(48067,'baltrive','Baltimore Avenue at Riverdale Park Station (O',38.9699161,-76.9383656),(48068,'baltrive','Baltimore Avenue at Riverdale Park Station (I',38.9697020,-76.9382696),(48069,'camb','Cambridge Hall (Outbound)',38.9915013,-76.9438804),(48070,'laplat','La Plata Hall (Outbound)',38.9928692,-76.9455970),(48071,'hage','Hagerstown Hall (Outbound)',38.9930112,-76.9477048),(48072,'elkton','Elkton Hall (Outbound)',38.9925010,-76.9486289),(48073,'vallstad','Valley Drive at Stadium Drive Garage (Outboun',38.9902296,-76.9494570),(48074,'benj','Benjamin Building',38.9871760,-76.9471001),(48075,'dorchall','Dorchester Hall',38.9869687,-76.9465439),(48076,'camplibr','Campus Drive and Library Lane',38.9873828,-76.9454339),(48077,'campedwa','Campus Drive at Edward St. John',38.9875362,-76.9414639),(48078,'hartshop','Hartwick Road at College Park Shopping Center',38.9797038,-76.9385753),(50001,'painstad','Paint Branch Dr and Stadium Dr',38.9902898,-76.9373000),(50002,'lotu4','Preinkert Drive at Lot MV',38.9821893,-76.9448840),(50003,'guilrowa','Guilford Drive and Rowalt Drive (Outbound)',38.9781829,-76.9394689),(50011,'rossrhod','Rossborough Ln and Rhode Island Ave',38.9834008,-76.9313100),(50012,'yaleknox','Yale Avenue and Knox Road',38.9806721,-76.9368328),(50013,'knoxyale','Knox Road and Yale Avenue',38.9806089,-76.9368551),(50014,'collpksh','College Park Shopping Center (Inbound)',38.9810063,-76.9389541),(50015,'scam34','South Campus Commons 3 and 4',38.9811409,-76.9408182),(50016,'biofield','BioSciences Research Building',38.9892581,-76.9421091),(50018,'auburive','Auburn Ave and Riverdale Rd',38.9650300,-76.8966299),(50034,'ssmetro','Silver Spring Metro Station',38.9936730,-77.0297420),(50040,'brokride','Broken Land Park & Ride East Lot',39.1742320,-76.8494732),(50062,'bowiuniv','Bowie State University',39.0176137,-76.7613399),(55000,'rhoduni','Rhode Island Ave and University Blvd (Outboun',39.0009914,-76.9248359);
/*!40000 ALTER TABLE `stops` ENABLE KEYS */;
UNLOCK TABLES;

--
-- Table structure for table `users`
--

DROP TABLE IF EXISTS `users`;
/*!40101 SET @saved_cs_client     = @@character_set_client */;
/*!40101 SET character_set_client = utf8 */;
CREATE TABLE `users` (
  `username` varchar(45) NOT NULL,
  `password` varchar(45) DEFAULT NULL,
  `schedule` varchar(10000) DEFAULT NULL,
  PRIMARY KEY (`username`)
) ENGINE=InnoDB DEFAULT CHARSET=latin1;
/*!40101 SET character_set_client = @saved_cs_client */;

--
-- Dumping data for table `users`
--

LOCK TABLES `users` WRITE;
/*!40000 ALTER TABLE `users` DISABLE KEYS */;
/*!40000 ALTER TABLE `users` ENABLE KEYS */;
UNLOCK TABLES;
/*!40103 SET TIME_ZONE=@OLD_TIME_ZONE */;

/*!40101 SET SQL_MODE=@OLD_SQL_MODE */;
/*!40014 SET FOREIGN_KEY_CHECKS=@OLD_FOREIGN_KEY_CHECKS */;
/*!40014 SET UNIQUE_CHECKS=@OLD_UNIQUE_CHECKS */;
/*!40101 SET CHARACTER_SET_CLIENT=@OLD_CHARACTER_SET_CLIENT */;
/*!40101 SET CHARACTER_SET_RESULTS=@OLD_CHARACTER_SET_RESULTS */;
/*!40101 SET COLLATION_CONNECTION=@OLD_COLLATION_CONNECTION */;
/*!40111 SET SQL_NOTES=@OLD_SQL_NOTES */;

-- Dump completed on 2018-05-14 23:40:52
